Name,Math,Science,English,Attendance,Average
Aman,78,85,72,90,78.33333333333333
Riya,88,92,81,95,87.0
Rahul,45,56,60,70,53.666666666666664
Sneha,91,89,95,98,91.66666666666667
Vikas,66,70,72,85,69.33333333333333
Priya,82,76,88,92,82.0
Arjun,55,60,58,65,57.666666666666664
Neha,95,98,96,99,96.33333333333333
Karan,40,50,45,60,45.0
Simran,73,77,80,88,76.66666666666667
